[
  {
    "flipbook_texture": "textures/blocks/sculk_sensor_tendril_active",
    "atlas_tile": "sculk_sensor_tendril_active",
    "ticks_per_frame": 1
  },
  {
    "flipbook_texture": "textures/blocks/sculk_sensor_tendril_inactive",
    "atlas_tile": "sculk_sensor_tendril_inactive",
    "ticks_per_frame": 2
  },
  {
    "flipbook_texture": "textures/blocks/sculk",
    "atlas_tile": "sculk",
    "ticks_per_frame": 20
  },
  {
    "flipbook_texture": "textures/blocks/sculk_vein",
    "atlas_tile": "sculk_vein",
    "ticks_per_frame": 20
  },
  {
    "flipbook_texture": "textures/blocks/sculk_catalyst_side_bloom",
    "atlas_index": 1,
    "atlas_tile": "sculk_catalyst_side",
    "atlas_tile_variant": 1,
    "ticks_per_frame": 1
  },
  {
    "flipbook_texture": "textures/blocks/sculk_catalyst_top_bloom",
    "atlas_index": 1,
    "atlas_tile": "sculk_catalyst_top",
    "atlas_tile_variant": 1,
    "ticks_per_frame": 1
  },
  {
    "flipbook_texture": "textures/blocks/sculk_shrieker_inner_top",
    "atlas_tile": "sculk_shrieker_inner_top",
    "atlas_index": 0,
    "atlas_tile_variant": 0,
    "ticks_per_frame": 6
  },
  {
    "flipbook_texture": "textures/blocks/sculk_shrieker_can_summon_inner_top",
    "atlas_tile": "sculk_shrieker_inner_top",
    "atlas_index": 1,
    "atlas_tile_variant": 1,
    "ticks_per_frame": 3
  }
]
