{
  "namespace": "scoreboard",

  "scoreboard_sidebar": {
    "type": "panel",
    "size": [ "100%cm", "100%c" ],
    "anchor_from": "right_middle",
    "anchor_to": "right_middle",
    "offset": [ 0, 0 ],
    "controls": [
      {
        "main": {
          "type": "image",
          "texture": "textures/ui/Black",
          "alpha": 0.5,
          "offset": [ -1, 0 ],
          "size": [ "100%cm + 4px", "100%c + 4px" ],
          "controls": [
            {
              "displayed_objective": {
                "type": "label",
                "size": [ "default", 10 ],
                "text": "#objective_sidebar_name",
                "anchor_from": "top_middle",
                "anchor_to": "top_middle",
                "text_alignment": "center",
                "inherit_max_sibling_width": true,
                "shadow": true,
                "locked_alpha": 1.0,
                "layer": 1,
                "color": "$objective_title_color",
                "bindings": [
                  {
                    "binding_name": "#objective_sidebar_name",
                    "binding_type": "global"
                  }
                ]
              }
            },
            {
              "lists": {
                "type": "panel",
                "anchor_from": "top_middle",
                "anchor_to": "top_middle",
                "offset": [ 0, 10 ],
                "size": [ "100%c", "100%cm" ],
                "controls": [
                  {
                    "players": {
                      "type": "stack_panel",
                      "anchor_from": "center",
                      "anchor_to": "center",
                      "size": [ "100%cm", "100%c" ],
                      "orientation": "vertical",
                      "collection_name": "scoreboard_players",
                      "factory": {
                        "name": "player_list_factory",
                        "control_name": "scoreboard.scoreboard_sidebar_player"
                      },
                      "bindings": [
                        {
                          "binding_name": "#scoreboard_sidebar_size",
                          "binding_type": "global",
                          "binding_name_override": "#collection_length"
                        }
                      ]
                    }
                  },
                  {
                    "scores": {
                      "type": "stack_panel",
                      "anchor_from": "top_right",
                      "anchor_to": "top_right",
                      "size": [ "100%cm", "100%c" ],
                      "orientation": "vertical",
                      "use_child_anchors":  true,
                      "collection_name": "scoreboard_scores",
                      "factory": {
                        "name": "player_score_factory",
                        "control_name": "scoreboard.scoreboard_sidebar_score"
                      },
                      "bindings": [
                        {
                          "binding_name": "#scoreboard_sidebar_size",
                          "binding_type": "global",
                          "binding_name_override": "#collection_length"
                        }
                      ]
                    }
                  }
                ]
              }
            }
          ]
        }
      }
    ],
    "bindings": [
      {
        "binding_name": "#scoreboard_sidebar_visible",
        "binding_type": "global",
        "binding_name_override": "#visible"
      }
    ]
  },

  "scoreboard_sidebar_player": {
    "type": "label",
    "layer": 2,
    "text": "#player_name_sidebar",
    "size": [ "default", 10 ],
    "locked_alpha": 1.0,
    "shadow": true,
    "color": "$player_name_color",
    "bindings": [
      {
        "binding_name": "#player_name_sidebar",
        "binding_type": "collection",
        "binding_collection_name": "scoreboard_players"
      }
    ]
  },

  "scoreboard_sidebar_score": {
    "modifications": [
      {
        "array_name": "bindings",
        "operation": "insert_back",
        "value": [
          {
            "binding_type": "view",
            "source_control_name": "hide_red_numbers",
            "source_property_name": "(not #toggle_state)",
            "target_property_name": "#visible"
          }
        ]
      }
    ]
  }
}