{
  "namespace": "toast_screen",

  "toast_image": {
    "type": "image",
    "size": [ 13, 13 ],
    "anchor_from": "left_middle",
    "anchor_to": "left_middle",
    "texture": "$toast_texture",
    "layer": 1
  },

  "toast_icon": {
    "type": "panel",
    "size": [ "100%c", "100%" ],
    "controls": [
      {
        "toast_icon@toast_screen.toast_image": {}
      }
    ]
  },

  "xbox_icon@toast_screen.toast_icon": {
    "$toast_texture": "textures/ui/xbox4"
  },

  "third_party_invite_icon@toast_screen.toast_icon": {
    "$toast_texture": "textures/ui/invite_third_party"
  },

  "third_party_achievement_icon@toast_screen.toast_icon": {
    "$toast_texture": "textures/ui/achievement_third_party"
  },

  "persona_icon@common.empty_panel": {
    "$item_display_size": [ "100%y", "100% - 3px" ],
    "size": "$item_display_size",
    "$is_loading": false,
    "$persona_piece_binding_type": "global",
    "$persona_piece_collection_name": "",
    "$ignore_background": true,
    "$ignore_rarity_bar": true,
    "controls": [
      {
        "item@persona_common.piece_item_display": {
          "anchor_from": "bottom_middle",
          "anchor_to": "bottom_middle"
        }
      }
    ]
  },

  "resource_pack_icon": {
    "type": "panel",
    "size": [ "100%c", "100%" ],
    "$icon_size|default": [ 13, 13 ],
    "controls": [
      {
        "resource_pack_image": {
          "type": "image",
          "size": "$icon_size",
          "anchor_from": "left_middle",
          "anchor_to": "left_middle",
          "layer": 1,
          "texture": "#thumbnail_texture_path",
          "zip_folder": "#icon_zip",
          "texture_file_system": "#thumbnail_texture_file_system",
          "bindings": [
            {
              "binding_name": "#thumbnail_texture_path",
              "binding_name_override": "#texture"
            },
            {
              "binding_name": "#icon_zip",
              "binding_name_override": "#zip_folder"
            },
            {
              "binding_name": "#thumbnail_texture_file_system",
              "binding_name_override": "#texture_file_system"
            }
          ]
        }
      }
    ]
  },

  "key_art_image@toast_screen.resource_pack_icon": {
    "$icon_size": [ "177.78%y", 18 ]
  },


  "gamer_score_icon": {
    "type": "image",
    "texture": "textures/ui/gamerscore",
    "size": [ 7, 7 ]
  },

  "toast_label": {
    "$toast_font_type|default": "default",
    "$toast_label_offset|default": [ 0, 5 ],
    "type": "label",
    "color": "$toast_text_color",
    "layer": 1,
    "shadow": false,
    "font_size": "normal",
    "offset": "$toast_label_offset",
    "$toast_text_alignment|default": "left",
    "text_alignment": "$toast_text_alignment",
    "line_padding": 1,
    "anims": "$alpha_anims",
    "font_type": "$toast_font_type"
  },

  "popup@common.input_panel": {
    "consume_hover_events": true,
    "prevent_touch_input": true, // for some reason this enables touch input for the toast panel
    "$toast_anchor_from|default": "top_right",
    "$toast_anchor_to|default": "top_right",
    "$toast_offset|default": "#toast_offset_binding",
    "anchor_from": "$toast_anchor_from",
    "anchor_to": "$toast_anchor_to",
    "size": [ 162, 32 ],
    "offset": "$toast_offset",
    "$alpha_anims|default": [],
    "bindings": [
      {
        "binding_name": "$toast_offset",
        "binding_name_override": "#offset",
        "binding_condition": "always"
      }
    ],
    "button_mappings": [
      {
        "from_button_id": "button.menu_select",
        "to_button_id": "button.toast_interaction",
        "mapping_type": "pressed",
        "button_up_right_of_first_refusal": true
      }
    ],
    "controls": [
      {
        "background": {
          "type": "image",
          "texture": "textures/ui/greyBorder"
        }
      },
      {
        "popup_content": {
          "type": "stack_panel",
          "orientation": "horizontal",
          "size": [ "100%", "100%" ],
          "anchor_from": "top_left",
          "anchor_to": "top_left",
          "offset": [ 6, 0 ],
          "layer": 1,
          "controls": [
            {
              "icon_padding": {
                "layer": 1,
                "type": "stack_panel",
                "anchor_from": "top_left",
                "anchor_to": "top_left",
                "size": [ "100%c", "100%" ],
                "factory": {
                  "name": "toast_image_factory",
                  "control_ids": {
                    "xbox_icon": "@toast_screen.xbox_icon",
                    "third_party_achievement_icon": "@toast_screen.third_party_achievement_icon",
                    "third_party_invite_icon": "@toast_screen.third_party_invite_icon",
                    "icon_resource_pack": "@toast_screen.resource_pack_icon",
                    "key_art_image": "@toast_screen.key_art_image",
                    "persona_icon": "@toast_screen.persona_icon"
                  },
                  "factory_variables": [
                    "$hide_xbox_live_icon"
                  ]
                },
                "bindings": [
                  {
                    "binding_type": "global",
                    "binding_name": "#toast_icon_section_content",
                    "binding_name_override": "#collection_length"
                  }
                ]
              }
            },
            {
              "text_padding": {
                "type": "panel",
                "size": [ 2, "100%" ],
                "bindings": [
                  {
                    "binding_name": "#text_padding_visible",
                    "binding_name_override": "#visible"
                  }
                ]
              }
            },
            {
              "text_panel": {
                "type": "panel",
                "size": [ "fill", "100%" ],
                "controls": [
                  {
                    "text_stack_panel@toast_screen.text_stack_panel": {}
                  }
                ]
              }
            }
          ]
        }
      }
    ]
  },

  "item_renderer": {
    "type": "custom",
    "renderer": "inventory_item_renderer",
    "anchor_from": "center",
    "anchor_to": "center",
    "size": [ 22, 22 ]
  },

  "recipe_unlocked_popup": {
    "type": "input_panel",
    "consume_hover_events": true,
    "prevent_touch_input": true,
    "$toast_anchor_from|default": "top_right",
    "$toast_anchor_to|default": "bottom_right",
    "$toast_offset|default": "#toast_offset_binding",
    "offset": "$toast_offset",
    "anchor_from": "$toast_anchor_from",
    "anchor_to": "$toast_anchor_to",
    "size": [ 171.9, 30 ],
    "$alpha_anims|default": [],
    "gesture_tracking_button": "button.toast_interaction",
    "bindings": [
      {
        "binding_name": "$toast_offset",
        "binding_name_override": "#offset",
        "binding_condition": "always"
      }
    ],
    "button_mappings": [
      {
        "from_button_id": "button.menu_select",
        "to_button_id": "button.toast_interaction",
        "mapping_type": "pressed",
        "button_up_right_of_first_refusal": true
      }
    ],
    "controls": [
      {
        "background": {
          "type": "image",
          "texture": "textures/ui/greyBorder"
          //"anims": "$alpha_anims"
        }
      },
      {
        "popup_content": {
          "type": "stack_panel",
          "orientation": "horizontal",
          "size": [ "100%", "100%" ],
          "anchor_from": "top_right",
          "anchor_to": "top_right",
          "layer": 1,
          "controls": [
            {
              "horizontal_padding": {
                "type": "panel",
                "size": [ 8.3, "fill" ]
              }
            },
            // recipe icon
            {
              "recipe_unlocked_icon": {
                "layer": 1,
                "type": "stack_panel",
                "anchor_from": "top_left",
                "anchor_to": "top_left",
                "size": [ 20, 30 ],
                "controls": [
                  {
                    "vertical_padding": {
                      "type": "panel",
                      "size": [ "fill", 5 ]
                    }
                  },
                  {
                    "item_renderer@toast_screen.item_renderer": {
                      "size": [ 20, 20 ],
                      "anchor_from": "center",
                      "anchor_to": "center",
                      "property_bag": {
                        "#item_id_aux": 3801088
                      },
                      "bindings": [
                        {
                          "binding_name": "#recipe_unlocked",
                          "binding_name_override": "#item_id_aux"
                        }
                      ]
                    }
                  }
                ]
              }
            },
            {
              "horizontal_padding2": {
                "type": "panel",
                "size": [ 5.5, "fill" ]
              }
            },
            // descriptive text
            {
              "text_stack_panel": {
                "type": "stack_panel",
                "size": [ "100%", 30 ],
                "controls": [
                  {
                    "title_text_padding": {
                      "type": "panel",
                      "size": [ "fill", 5.5 ]
                    }
                  },
                  {
                    "title@toast_screen.toast_label": {
                      "text": "New recipes unlocked!",
                      "size": [ "100%-10px", 10 ],
                      "layer": 2
                    }
                  },
                  {
                    "subtext_stack_panel": {
                      "type": "stack_panel",
                      "orientation": "horizontal",
                      "size": [ "100%-10px", "100%cm" ],
                      "controls": [
                        {
                          "subtext_textA@toast_screen.toast_label": {
                            "text": "Check your",
                            "size": [ 58, 10 ],
                            "alpha": 0.8,
                            "layer": 2
                          }
                        },
                        {
                          "subtext_inlined_icon": {
                            "type": "panel",
                            "size": [ 10, 10 ],
                            "visible": "#requireRecipeBlock",
                            "controls": [
                              {
                                "crafting_table_item_renderer@toast_screen.item_renderer": {
                                  "anchor_from": "left_middle",
                                  "anchor_to": "left_middle",
                                  "layer": 1,
                                  "size": [ 10, 10 ],
                                  "property_bag": {
                                    "#item_id_aux": "0"
                                  },
                                  "bindings": [
                                    {
                                      "binding_name": "#recipeBlock",
                                      "binding_name_override": "#item_id_aux"
                                    }
                                  ]
                                }
                              }
                            ],
                            "bindings": [
                              {
                                "binding_name": "#requireRecipeBlock",
                                "binding_name_override": "#visible"
                              }
                            ]
                          }
                        },
                        {
                          "subtext_horizontal_padding": {
                            "type": "panel",
                            "size": [ 2.5, "fill" ]
                          }
                        },
                        {
                          "subtext_textB@toast_screen.toast_label": {
                            "size": [ "100%", 10 ],
                            "text": "recipe book",
                            "alpha": 0.8
                          }
                        }
                      ]
                    }
                  }
                ]
              }
            }
          ]
        }
      }
    ]
  },


  // used when pocket-ui is enabled and is inside the inventory screen
  "recipe_unlocked_in_inventory_popup": {
    "type": "input_panel",
    "$toast_anchor_from": "bottom_middle",
    "$toast_anchor_to": "top_middle",
    "$toast_offset|default": "#toast_offset_bind",
    "offset": "$toast_offset",
    "anchor_from": "bottom_middle",
    "anchor_to": "bottom_middle",
    "layer": 20,
    "size": [ 150, 26 ],
    "$alpha_anims|default": [],
    "gesture_tracking_button": "button.toast_interaction",
    "bindings": [
      {
        "binding_name": "$toast_offset",
        "binding_name_override": "#offset",
        "binding_condition": "always"
      }
    ],
    "button_mappings": [
      {
        "from_button_id": "button.menu_select",
        "to_button_id": "button.toast_interaction",
        "mapping_type": "pressed",
        "button_up_right_of_first_refusal": true
      }
    ],
    "controls": [
      {
        "background": {
          "type": "image",
          "texture": "textures/ui/greyBorder"
        }
      },
      {
        "popup_content": {
          "type": "stack_panel",
          "orientation": "horizontal",
          "size": [ "100%", "100%" ],
          "anchor_from": "top_right",
          "anchor_to": "top_right",
          "controls": [
            {
              "horizontal_padding": {
                "type": "panel",
                "size": [ "7px", "fill" ]
              }
            },
            // recipe icon
            {
              "recipe_unlocked_icon": {
                "type": "stack_panel",
                "anchor_from": "top_left",
                "anchor_to": "top_left",
                "size": [ 25, 25 ],
                "controls": [
                  {
                    "vertical_padding": {
                      "type": "panel",
                      "size": [ "fill", "4px" ]
                    }
                  },
                  {
                    "item_renderer@toast_screen.item_renderer": {
                      "size": [ 18, 18 ],
                      "anchor_from": "top_right",
                      "anchor_to": "top_right",
                      "property_bag": {
                        "#item_id_aux": 3801088
                      },
                      "bindings": [
                        {
                          "binding_name": "#recipe_unlocked",
                          "binding_name_override": "#item_id_aux"
                        }
                      ]
                    }
                  }
                ]
              }
            },
            // descriptive text
            {
              "text_stack_panel": {
                "type": "stack_panel",
                "size": [ "100%", 20 ],
                "controls": [
                  {
                    "title_text_padding": {
                      "type": "panel",
                      "size": [ "fill", 8 ]
                    }
                  },
                  {
                    "title@toast_screen.toast_label": {
                      "text": "New recipes unlocked!",
                      "size": [ "100%-10px", 10 ]
                    }
                  }
                ]
              }
            }
          ]
        }
      }
    ]
  },

  "text_stack_panel": {
    "type": "stack_panel",
    "size": [ "100%", 20 ],
    "$toast_text_offset|default": [ 0, 1 ],
    "offset": "$toast_text_offset",
    "controls": [
      {
        "title@toast_screen.toast_label": {
          "text": "#toast_title",
          "color": "$toast_text_color",
          "size": [ "100%-10px", "fill" ],
          "layer": 2,
          "bindings": [
            {
              "binding_name": "#toast_title"
            }
          ]
        }
      },
      {
        "subtitle": {
          "type": "stack_panel",
          "orientation": "horizontal",
          "size": [ "100%-10px", "100%cm" ],
          "controls": [
            {
              "icon_padding": {
                "type": "panel",
                "size": [ 9, 7 ],
                "bindings": [
                  {
                    "binding_name": "#is_achievement",
                    "binding_name_override": "#visible"
                  }
                ],
                "controls": [
                  {
                    "gamer_score_icon@toast_screen.gamer_score_icon": {
                      "layer": 1,
                      "anchor_from": "left_middle",
                      "anchor_to": "left_middle"
                    }
                  }
                ]
              }
            },
            {
              "subtext_offset@common.empty_panel": {
                "size": [ "fill", 10 ],
                "bindings": [
                  {
                    "binding_name": "#toast_subtitle_visible",
                    "binding_name_override": "#visible"
                  }
                ],
                "controls": [
                  {
                    "subtext@toast_screen.toast_label": {
                      "size": [ "100%", "100%" ],
                      "offset": [ 0, -2 ],
                      "text": "#toast_subtitle",
                      "bindings": [
                        {
                          "binding_name": "#toast_subtitle"
                        },
                        {
                          "binding_name": "#toast_font_type",
                          "binding_name_override": "#font_type"
                        }
                      ]
                    }
                  }
                ]
              }
            }
          ]
        }
      }
    ]
  },

  "join_button_icon": {
    "type": "image",
    "texture": "textures/ui/xbox_start_button",
    "size": [ 26, 26 ],
    "bindings": [
      {
        "binding_name": "#controller_start_icon",
        "binding_name_override": "#texture"
      }
    ]
  },

  "chat_popup@toast_screen.popup": {
    "size": [ "60%", 26 ]
  },

  "splitscreen_join_popup": {
    "type": "stack_panel",
    "orientation": "horizontal",
    "anchor_from": "top_middle",
    "anchor_to": "top_middle",
    "layer": 10,
    "size": [ "100%c", 26 ],
    "offset": [ 0, "55%" ],
    "controls": [
      {
        "join_button_icon@toast_screen.join_button_icon": {}
      },
      {
        "join_prompt_text_panel": {
          "type": "panel",
          "size": [ "100%c", "100%" ],
          "controls": [
            {
              "join_prompt_text": {
                "type": "label",
                "text": "$player_join_text",
                "color": "$toast_text_color",
                "shadow": true
              }
            }
          ]
        }
      }
    ]
  },

  "fade_anim_end": {
    "anim_type": "alpha",
    "easing": "linear",
    "from": 1.0,
    "to": 0.0,
    "duration": "$transition_out_time",
    "destroy_at_end": "$toast_control",
    "end_event": "toast_end"
  },

  "fade_anim_wait": {
    "anim_type": "wait",
    "duration": "$display_time",
    "next": "@toast_screen.fade_anim_end"
  },

  "formfitting_alpha_toast": {
    "type": "panel",
    "$display_time": 3.0,
    "$transition_in_time": 0.15,
    "$transition_out_time": 0.15,
    "$toast_control": "formfitting_alpha_toast",
    "$alpha_anims": [
      "@toast_screen.fade_anim_wait"
    ],

    "controls": [
      {
        "bg": {
          "type": "image",
          "anchor_from": "top_middle",
          "anchor_to": "top_middle",
          "offset": [ 0, 10 ],
          "size": [ "100%c + 6px", "100%c + 13px" ], // form fitting
          "texture": "textures/ui/greyBorder",
          "anims": "$alpha_anims",
          "controls": [
            {
              "label@toast_screen.toast_label": {
                "type": "label",
                "size": [ 200, "default" ],
                "offset": [ 0, 0 ],
                "color": "$toast_text_color",
                "text": "#toast_title",
                "text_alignment": "center",
                "$toast_font_type": "smooth",
                "bindings": [
                  {
                    "binding_name": "#toast_title"
                  }
                ]
              }
            }
          ]
        }
      }
    ]
  },

  "toast_screen@common.base_screen": {
    "always_accepts_input": true,
    "send_telemetry": false,
    "screen_not_flushable": true,
    "render_game_behind": true,
    "is_showing_menu": false,
    "is_modal": true,
    "low_frequency_rendering": true,
    "should_steal_mouse": false,
    "render_only_when_topmost": false,
    "screen_draws_last": true,
    "$screen_content": "toast_screen.toast_screen_content",
    "$screen_animations": [],
    "$use_loading_bars": false
  },

  "toast_screen_content": {
    "type": "panel",
    "clips_children": true,
    "offset": [ 0, -27 ],
    "factory": {
      "name": "toast_factory",
      "control_ids": {
        "popup": "popup@toast_screen.popup",
        "chat_popup": "chat_popup@toast_screen.chat_popup",
        "recipe_unlocked": "recipe_unlocked@toast_screen.recipe_unlocked_popup",
        "recipe_unlocked_in_inventory": "recipe_unlocked_in_inventory@toast_screen.recipe_unlocked_in_inventory_popup",
        "splitscreen_join_popup": "splitscreen_join_popup@toast_screen.splitscreen_join_popup",
        "formfitting_alpha_toast": "formfitting_alpha_toast"
      }
    },
    "controls": [
      { "content_log_panel@content_log.content_log_panel": {} },
      { "perf_turtle_panel@perf_turtle.perf_turtle_panel": {} }
    ]
  }
}
