{
  "namespace": "common_toggles",

  "light_template_toggle_u_nn@common.toggle": {
    "$unchecked_control|default": "common_toggles.toggle_unchecked",
    "$checked_control|default": "common_toggles.toggle_checked",
    "$unchecked_hover_control|default": "common_toggles.toggle_unchecked_hover",
    "$checked_hover_control|default": "common_toggles.toggle_checked_hover",
    "$unchecked_locked_control|default": "common_toggles.toggle_locked",
    "$unchecked_locked_hover_control|default": "common_toggles.toggle_locked",
    "$checked_locked_control|default": "common_toggles.toggle_locked",
    "$checked_locked_hover_control|default": "common_toggles.toggle_locked",
    "$default_texture|default": "textures/utility_components/new_ui/default_button",
    "$hover_texture|default": "textures/utility_components/new_ui/hover_button",
    "$pressed_texture|default": "textures/utility_components/new_ui/hover_button",
    "$pressed_no_hover_texture|default": "textures/utility_components/new_ui/hover_button",
    "$locked_texture|default": "textures/utility_components/new_ui/hover_button",
    "$default_texture_alpha|default": 1.0,
    "$default_checked_texture_alpha|default": 1.0,
    "$hover_texture_alpha|default": 1.0,
    "$hover_checked_texture_alpha|default": 1.0,
    "$default_texture_color|default": "$f_color_format",
    "$default_checked_texture_color|default": "$f_color_format",
    "$hover_texture_color|default": "$f_color_format",
    "$hover_checked_texture_color|default": "$f_color_format",
    "$default_text_color|default": "$light_toggle_default_text_color",
    "$hover_text_color|default": "$light_toggle_hover_text_color",
    "$default_checked_text_color|default": "$light_toggle_checked_default_text_color",
    "$hover_checked_text_color|default": "$light_toggle_checked_hover_text_color",
    "$default_glyph_color|default": "$light_glyph_toggle_default_color",
    "$hover_glyph_color|default": "$light_glyph_toggle_hover_color",
    "$default_checked_glyph_color|default": "$light_glyph_toggle_checked_default_color",
    "$hover_checked_glyph_color|default": "$light_glyph_toggle_checked_hover_color",
    "$checked_image|default": "common.empty_panel",
    "$unchecked_image|default": "common.empty_panel",
    "$default_border_visible|default": false,
    "$hover_border_visible|default": false,
    "$default_border_color": "$light_border_toggle_default_color",
    "$hover_border_color": "$light_border_toggle_hover_color",
    "$locked_alpha": 1,
    "$toggle_binding_type|default": "none",
    "$toggle_parent_collection_details|default": "none",
    "$toggle_parent_collection_details_name|default": "",
    "$toggle_parent_collection_details_prefix|default": "",
    "$toggle_enabled_binding_type|default": "none",
    "$toggle_property_bag_binding_type|default": "none",
    "$toggle_property_bag_binding_condition|default": "visible",
    "$toggle_property_bag_binding_name|default": "#fill_toggle_property_bag",
    "$toggle_tab_focus_binding_type|default": "none",
    "$toggle_tab_focus_id_binding_type|default": "none",
    "$toggle_tab_focus_override_left_binding_type|default": "none",
    "$toggle_tab_focus_override_right_binding_type|default": "none",
    "$toggle_tab_focus_override_down_binding_type|default": "none",
    "$toggle_tab_focus_override_up_binding_type|default": "none",
    "$toggle_on_hover_binding_type|default": "none",
    "$toggle_tab_focus_binding_name|default": "",
    "$toggle_tab_focus_id_binding_name|default": "",
    "$toggle_tab_focus_override_right|default": "#focus_override_right",
    "$toggle_tab_focus_override_down|default": "#focus_override_down",
    "$toggle_tab_focus_override_up|default": "#focus_override_up",
    "$toggle_tab_focus_override_left|default": "#focus_override_left",
    "$toggle_on_hover_binding_name|default": "",
    "$toggle_focus_wrap_enabled|default": true,
    "$toggle_focus_magnet_enabled|default": true,
    "$toggle_unchecked|default": false,
    "$toggle_unchecked_hover|default": false,
    "$toggle_checked|default": false,
    "$toggle_checked_hover|default": false,
    "$default_state|default": false,
    "$hover_state|default": false,
    "$pressed_state|default": false,
    "$locked_state|default": false,
    "$enable_hover_event_mapping|default": false,
    "$toggle_hover_event_mapping|default": "",
    "$enable_focus_id_bind|default": false,
    "$focus_id_binding_name|default": "",
    "$enable_focus_enabled_bind|default": false,
    "$focus_enabled_binding_name|default": "",
    "$button_mappings|default": [
      {
        "from_button_id": "button.menu_select",
        "to_button_id": "button.menu_select",
        "mapping_type": "pressed"
      },
      {
        "from_button_id": "button.menu_ok",
        "to_button_id": "button.menu_ok",
        "mapping_type": "focused"
      },
      {
        "from_button_id": "button.controller_back",
        "to_button_id": "button.controller_back",
        "mapping_type": "focused",
        "ignored": "(not $allow_controller_back_button_mapping)"
      },
      {
        "ignored": "(not $enable_directional_toggling)",
        "from_button_id": "button.menu_left",
        "to_button_id": "$toggle_off_button",
        "mapping_type": "pressed",
        "input_mode_condition": "gamepad_and_not_gaze"
      },
      {
        "ignored": "(not $enable_directional_toggling)",
        "from_button_id": "button.menu_right",
        "to_button_id": "$toggle_on_button",
        "mapping_type": "pressed",
        "input_mode_condition": "gamepad_and_not_gaze"
      },
      {
        "ignored": "(not $enable_hover_event_mapping)",
        "to_button_id": "$toggle_hover_event_mapping",
        "mapping_type": "pressed"
      }
    ],

    "focus_wrap_enabled": "$toggle_focus_wrap_enabled",
    "focus_magnet_enabled": "$toggle_focus_magnet_enabled",

    "$custom_toggle_binding_type|default": "none",
    "$custom_toggle_binding_condition|default": "visible",
    "$custom_toggle_state_binding_name|default": "",
    "$custom_toggle_state_binding_name_override|default": "",

    "$toggle_tts_header_binding_type|default": "none",
    "$toggle_tts_header_binding_condition|default": "visible",
    "$toggle_tts_header_binding_collection_name|default": "",
    "$toggle_tts_header|default": "",

    "button_mappings": "$button_mappings",

    "bindings": [
      {
        "binding_type": "$toggle_binding_type",
        "binding_condition": "$toggle_binding_condition",
        "binding_collection_name": "$toggle_grid_collection_name",
        "binding_name": "$toggle_state_binding_name",
        "binding_name_override": "#toggle_state"
      },
      {
        "binding_type": "$toggle_enabled_binding_type",
        "binding_condition": "$toggle_enabled_binding_condition",
        "binding_collection_name": "$toggle_grid_collection_name",
        "binding_name": "$toggle_enabled_binding_name",
        "binding_name_override": "#enabled"
      },
      {
        "binding_collection_name": "$toggle_grid_collection_name",
        "binding_type": "collection_details"
      },
      {
        "binding_type": "$toggle_parent_collection_details",
        "binding_collection_name": "$toggle_parent_collection_details_name",
        "binding_collection_prefix": "$toggle_parent_collection_details_prefix"
      },
      {
        "binding_type": "$toggle_property_bag_binding_type",
        "binding_condition": "$toggle_property_bag_binding_condition",
        "binding_collection_name": "$toggle_grid_collection_name",
        "binding_name": "$toggle_property_bag_binding_name"
      },
      {
        "binding_type": "$toggle_tab_focus_binding_type",
        "binding_name": "$toggle_tab_focus_binding_name",
        "binding_name_override": "#default_focus_precedence"
      },
      {
        "binding_type": "$toggle_tab_focus_id_binding_type",
        "binding_collection_name": "$toggle_grid_collection_name",
        "binding_name": "$toggle_tab_focus_id_binding_name",
        "binding_name_override": "#focus_identifier"
      },
      {
        "binding_type": "$toggle_tab_focus_override_right_binding_type",
        "binding_collection_name": "$toggle_grid_collection_name",
        "binding_name": "$toggle_tab_focus_override_right",
        "binding_name_override": "#focus_change_right"
      },
      {
        "binding_type": "$toggle_tab_focus_override_left_binding_type",
        "binding_collection_name": "$toggle_grid_collection_name",
        "binding_name": "$toggle_tab_focus_override_left",
        "binding_name_override": "#focus_change_left"
      },
      {
        "binding_type": "$toggle_tab_focus_override_down_binding_type",
        "binding_collection_name": "$toggle_grid_collection_name",
        "binding_name": "$toggle_tab_focus_override_down",
        "binding_name_override": "#focus_change_down"
      },
      {
        "binding_type": "$toggle_tab_focus_override_up_binding_type",
        "binding_collection_name": "$toggle_grid_collection_name",
        "binding_name": "$toggle_tab_focus_override_up",
        "binding_name_override": "#focus_change_up"
      },
      {
        "binding_type": "$toggle_on_hover_binding_type",
        "binding_name": "$toggle_on_hover_binding_name",
        "binding_name_override": "#toggle_on_hover"
      },
      {
        "binding_type": "$custom_toggle_binding_type",
        "binding_condition": "$custom_toggle_binding_condition",
        "binding_collection_name": "$toggle_grid_collection_name",
        "binding_name": "$custom_toggle_state_binding_name",
        "binding_name_override": "$custom_toggle_state_binding_name_override"
      },
      {
        "binding_type": "$toggle_tts_header_binding_type",
        "binding_condition": "$toggle_tts_header_binding_condition",
        "binding_collection_name": "$toggle_tts_header_binding_collection_name",
        "binding_name": "$toggle_tts_header"
      },
      {
        "ignored": "(not $enable_focus_id_bind)",
        "binding_name": "$focus_id_binding_name",
        "binding_name_override": "#focus_identifier"
      },
      {
        "ignored": "(not $enable_focus_enabled_bind)",
        "binding_name": "$focus_enabled_binding_name",
        "binding_name_override": "#focus_enabled"
      }
    ]
  },

  "light_ui_toggle_u_nn": {
    "type": "panel",
    "$toggle_view_binding_name|default": "this_toggle",
    "$template_toggle|default": "common_toggles.light_template_toggle_u_nn",
    "controls": [
      {
        "$toggle_view_binding_name@$template_toggle": {
        }
      }
    ]
  },

















  "light_template_toggle_u_n2@common.toggle_u_2": {
    "$unchecked_control|default": "common_toggles.toggle_unchecked",
    "$checked_control|default": "common_toggles.toggle_checked",
    "$unchecked_hover_control|default": "common_toggles.toggle_unchecked_hover",
    "$checked_hover_control|default": "common_toggles.toggle_checked_hover",
    "$unchecked_locked_control|default": "common_toggles.toggle_locked",
    "$unchecked_locked_hover_control|default": "common_toggles.toggle_locked",
    "$checked_locked_control|default": "common_toggles.toggle_locked",
    "$checked_locked_hover_control|default": "common_toggles.toggle_locked",
    "$default_texture|default": "textures/ui/button_borderless_light",
    "$hover_texture|default": "textures/ui/button_borderless_lightpressednohover",
    "$pressed_texture|default": "textures/ui/button_borderless_lighthover",
    "$pressed_no_hover_texture|default": "textures/ui/button_borderless_lightpressed",
    "$locked_texture|default": "textures/ui/disabledButtonNoBorder",
    "$default_texture_alpha|default": 1.0,
    "$default_checked_texture_alpha|default": 1.0,
    "$hover_texture_alpha|default": 1.0,
    "$hover_checked_texture_alpha|default": 1.0,
    "$default_texture_color|default": "$f_color_format",
    "$default_checked_texture_color|default": "$f_color_format",
    "$hover_texture_color|default": "$f_color_format",
    "$hover_checked_texture_color|default": "$f_color_format",
    "$default_text_color|default": "$light_toggle_default_text_color",
    "$hover_text_color|default": "$light_toggle_hover_text_color",
    "$default_checked_text_color|default": "$light_toggle_checked_default_text_color",
    "$hover_checked_text_color|default": "$light_toggle_checked_hover_text_color",
    "$default_glyph_color|default": "$light_glyph_toggle_default_color",
    "$hover_glyph_color|default": "$light_glyph_toggle_hover_color",
    "$default_checked_glyph_color|default": "$light_glyph_toggle_checked_default_color",
    "$hover_checked_glyph_color|default": "$light_glyph_toggle_checked_hover_color",
    "$checked_image|default": "common.empty_panel",
    "$unchecked_image|default": "common.empty_panel",
    "$default_border_visible|default": false,
    "$hover_border_visible|default": false,
    "$default_border_color": "$light_border_toggle_default_color",
    "$hover_border_color": "$light_border_toggle_hover_color",
    "$locked_alpha": 1,
    "$toggle_binding_type|default": "none",
    "$toggle_parent_collection_details|default": "none",
    "$toggle_parent_collection_details_name|default": "",
    "$toggle_parent_collection_details_prefix|default": "",
    "$toggle_enabled_binding_type|default": "none",
    "$toggle_property_bag_binding_type|default": "none",
    "$toggle_property_bag_binding_condition|default": "visible",
    "$toggle_property_bag_binding_name|default": "#fill_toggle_property_bag",
    "$toggle_tab_focus_binding_type|default": "none",
    "$toggle_tab_focus_id_binding_type|default": "none",
    "$toggle_tab_focus_override_left_binding_type|default": "none",
    "$toggle_tab_focus_override_right_binding_type|default": "none",
    "$toggle_tab_focus_override_down_binding_type|default": "none",
    "$toggle_tab_focus_override_up_binding_type|default": "none",
    "$toggle_on_hover_binding_type|default": "none",
    "$toggle_tab_focus_binding_name|default": "",
    "$toggle_tab_focus_id_binding_name|default": "",
    "$toggle_tab_focus_override_right|default": "#focus_override_right",
    "$toggle_tab_focus_override_down|default": "#focus_override_down",
    "$toggle_tab_focus_override_up|default": "#focus_override_up",
    "$toggle_tab_focus_override_left|default": "#focus_override_left",
    "$toggle_on_hover_binding_name|default": "",
    "$toggle_focus_wrap_enabled|default": true,
    "$toggle_focus_magnet_enabled|default": true,
    "$toggle_unchecked|default": false,
    "$toggle_unchecked_hover|default": false,
    "$toggle_checked|default": false,
    "$toggle_checked_hover|default": false,
    "$default_state|default": false,
    "$hover_state|default": false,
    "$pressed_state|default": false,
    "$locked_state|default": false,
    "$enable_hover_event_mapping|default": false,
    "$toggle_hover_event_mapping|default": "",
    "$enable_focus_id_bind|default": false,
    "$focus_id_binding_name|default": "",
    "$enable_focus_enabled_bind|default": false,
    "$focus_enabled_binding_name|default": "",
    "$button_mappings|default": [
      {
        "from_button_id": "button.menu_select",
        "to_button_id": "button.menu_select",
        "mapping_type": "pressed"
      },
      {
        "from_button_id": "button.menu_ok",
        "to_button_id": "button.menu_ok",
        "mapping_type": "focused"
      },
      {
        "from_button_id": "button.controller_back",
        "to_button_id": "button.controller_back",
        "mapping_type": "focused",
        "ignored": "(not $allow_controller_back_button_mapping)"
      },
      {
        "ignored": "(not $enable_directional_toggling)",
        "from_button_id": "button.menu_left",
        "to_button_id": "$toggle_off_button",
        "mapping_type": "pressed",
        "input_mode_condition": "gamepad_and_not_gaze"
      },
      {
        "ignored": "(not $enable_directional_toggling)",
        "from_button_id": "button.menu_right",
        "to_button_id": "$toggle_on_button",
        "mapping_type": "pressed",
        "input_mode_condition": "gamepad_and_not_gaze"
      },
      {
        "ignored": "(not $enable_hover_event_mapping)",
        "to_button_id": "$toggle_hover_event_mapping",
        "mapping_type": "pressed"
      }
    ],

    "focus_wrap_enabled": "$toggle_focus_wrap_enabled",
    "focus_magnet_enabled": "$toggle_focus_magnet_enabled",

    "$custom_toggle_binding_type|default": "none",
    "$custom_toggle_binding_condition|default": "visible",
    "$custom_toggle_state_binding_name|default": "",
    "$custom_toggle_state_binding_name_override|default": "",

    "$toggle_tts_header_binding_type|default": "none",
    "$toggle_tts_header_binding_condition|default": "visible",
    "$toggle_tts_header_binding_collection_name|default": "",
    "$toggle_tts_header|default": "",

    "button_mappings": "$button_mappings",

    "bindings": [
      {
        "binding_type": "$toggle_binding_type",
        "binding_condition": "$toggle_binding_condition",
        "binding_collection_name": "$toggle_grid_collection_name",
        "binding_name": "$toggle_state_binding_name",
        "binding_name_override": "#toggle_state"
      },
      {
        "binding_type": "$toggle_enabled_binding_type",
        "binding_condition": "$toggle_enabled_binding_condition",
        "binding_collection_name": "$toggle_grid_collection_name",
        "binding_name": "$toggle_enabled_binding_name",
        "binding_name_override": "#enabled"
      },
      {
        "binding_collection_name": "$toggle_grid_collection_name",
        "binding_type": "collection_details"
      },
      {
        "binding_type": "$toggle_parent_collection_details",
        "binding_collection_name": "$toggle_parent_collection_details_name",
        "binding_collection_prefix": "$toggle_parent_collection_details_prefix"
      },
      {
        "binding_type": "$toggle_property_bag_binding_type",
        "binding_condition": "$toggle_property_bag_binding_condition",
        "binding_collection_name": "$toggle_grid_collection_name",
        "binding_name": "$toggle_property_bag_binding_name"
      },
      {
        "binding_type": "$toggle_tab_focus_binding_type",
        "binding_name": "$toggle_tab_focus_binding_name",
        "binding_name_override": "#default_focus_precedence"
      },
      {
        "binding_type": "$toggle_tab_focus_id_binding_type",
        "binding_collection_name": "$toggle_grid_collection_name",
        "binding_name": "$toggle_tab_focus_id_binding_name",
        "binding_name_override": "#focus_identifier"
      },
      {
        "binding_type": "$toggle_tab_focus_override_right_binding_type",
        "binding_collection_name": "$toggle_grid_collection_name",
        "binding_name": "$toggle_tab_focus_override_right",
        "binding_name_override": "#focus_change_right"
      },
      {
        "binding_type": "$toggle_tab_focus_override_left_binding_type",
        "binding_collection_name": "$toggle_grid_collection_name",
        "binding_name": "$toggle_tab_focus_override_left",
        "binding_name_override": "#focus_change_left"
      },
      {
        "binding_type": "$toggle_tab_focus_override_down_binding_type",
        "binding_collection_name": "$toggle_grid_collection_name",
        "binding_name": "$toggle_tab_focus_override_down",
        "binding_name_override": "#focus_change_down"
      },
      {
        "binding_type": "$toggle_tab_focus_override_up_binding_type",
        "binding_collection_name": "$toggle_grid_collection_name",
        "binding_name": "$toggle_tab_focus_override_up",
        "binding_name_override": "#focus_change_up"
      },
      {
        "binding_type": "$toggle_on_hover_binding_type",
        "binding_name": "$toggle_on_hover_binding_name",
        "binding_name_override": "#toggle_on_hover"
      },
      {
        "binding_type": "$custom_toggle_binding_type",
        "binding_condition": "$custom_toggle_binding_condition",
        "binding_collection_name": "$toggle_grid_collection_name",
        "binding_name": "$custom_toggle_state_binding_name",
        "binding_name_override": "$custom_toggle_state_binding_name_override"
      },
      {
        "binding_type": "$toggle_tts_header_binding_type",
        "binding_condition": "$toggle_tts_header_binding_condition",
        "binding_collection_name": "$toggle_tts_header_binding_collection_name",
        "binding_name": "$toggle_tts_header"
      },
      {
        "ignored": "(not $enable_focus_id_bind)",
        "binding_name": "$focus_id_binding_name",
        "binding_name_override": "#focus_identifier"
      },
      {
        "ignored": "(not $enable_focus_enabled_bind)",
        "binding_name": "$focus_enabled_binding_name",
        "binding_name_override": "#focus_enabled"
      }
    ]
  },

  "light_ui_toggle_u_n2": {
    "type": "panel",
    "$toggle_view_binding_name|default": "this_toggle",
    "$template_toggle|default": "common_toggles.light_template_toggle_u_n2",
    "controls": [
      {
        "$toggle_view_binding_name@$template_toggle": {
        }
      }
    ]
  },

  "light_template_toggle_u_n@common.toggle_u": {
    "$unchecked_control|default": "common_toggles.toggle_unchecked",
    "$checked_control|default": "common_toggles.toggle_checked",
    "$unchecked_hover_control|default": "common_toggles.toggle_unchecked_hover",
    "$checked_hover_control|default": "common_toggles.toggle_checked_hover",
    "$unchecked_locked_control|default": "common_toggles.toggle_locked",
    "$unchecked_locked_hover_control|default": "common_toggles.toggle_locked",
    "$checked_locked_control|default": "common_toggles.toggle_locked",
    "$checked_locked_hover_control|default": "common_toggles.toggle_locked",
    "$default_texture|default": "textures/ui/button_borderless_light",
    "$hover_texture|default": "textures/ui/button_borderless_lightpressednohover",
    "$pressed_texture|default": "textures/ui/button_borderless_lighthover",
    "$pressed_no_hover_texture|default": "textures/ui/button_borderless_lightpressed",
    "$locked_texture|default": "textures/ui/disabledButtonNoBorder",
    "$default_texture_alpha|default": 1.0,
    "$default_checked_texture_alpha|default": 1.0,
    "$hover_texture_alpha|default": 1.0,
    "$hover_checked_texture_alpha|default": 1.0,
    "$default_texture_color|default": "$f_color_format",
    "$default_checked_texture_color|default": "$f_color_format",
    "$hover_texture_color|default": "$f_color_format",
    "$hover_checked_texture_color|default": "$f_color_format",
    "$default_text_color|default": "$light_toggle_default_text_color",
    "$hover_text_color|default": "$light_toggle_hover_text_color",
    "$default_checked_text_color|default": "$light_toggle_checked_default_text_color",
    "$hover_checked_text_color|default": "$light_toggle_checked_hover_text_color",
    "$default_glyph_color|default": "$light_glyph_toggle_default_color",
    "$hover_glyph_color|default": "$light_glyph_toggle_hover_color",
    "$default_checked_glyph_color|default": "$light_glyph_toggle_checked_default_color",
    "$hover_checked_glyph_color|default": "$light_glyph_toggle_checked_hover_color",
    "$checked_image|default": "common.empty_panel",
    "$unchecked_image|default": "common.empty_panel",
    "$default_border_visible|default": false,
    "$hover_border_visible|default": false,
    "$default_border_color": "$light_border_toggle_default_color",
    "$hover_border_color": "$light_border_toggle_hover_color",
    "$locked_alpha": 1,
    "$toggle_binding_type|default": "none",
    "$toggle_parent_collection_details|default": "none",
    "$toggle_parent_collection_details_name|default": "",
    "$toggle_parent_collection_details_prefix|default": "",
    "$toggle_enabled_binding_type|default": "none",
    "$toggle_property_bag_binding_type|default": "none",
    "$toggle_property_bag_binding_condition|default": "visible",
    "$toggle_property_bag_binding_name|default": "#fill_toggle_property_bag",
    "$toggle_tab_focus_binding_type|default": "none",
    "$toggle_tab_focus_id_binding_type|default": "none",
    "$toggle_tab_focus_override_left_binding_type|default": "none",
    "$toggle_tab_focus_override_right_binding_type|default": "none",
    "$toggle_tab_focus_override_down_binding_type|default": "none",
    "$toggle_tab_focus_override_up_binding_type|default": "none",
    "$toggle_on_hover_binding_type|default": "none",
    "$toggle_tab_focus_binding_name|default": "",
    "$toggle_tab_focus_id_binding_name|default": "",
    "$toggle_tab_focus_override_right|default": "#focus_override_right",
    "$toggle_tab_focus_override_down|default": "#focus_override_down",
    "$toggle_tab_focus_override_up|default": "#focus_override_up",
    "$toggle_tab_focus_override_left|default": "#focus_override_left",
    "$toggle_on_hover_binding_name|default": "",
    "$toggle_focus_wrap_enabled|default": true,
    "$toggle_focus_magnet_enabled|default": true,
    "$toggle_unchecked|default": false,
    "$toggle_unchecked_hover|default": false,
    "$toggle_checked|default": false,
    "$toggle_checked_hover|default": false,
    "$default_state|default": false,
    "$hover_state|default": false,
    "$pressed_state|default": false,
    "$locked_state|default": false,
    "$enable_hover_event_mapping|default": false,
    "$toggle_hover_event_mapping|default": "",
    "$enable_focus_id_bind|default": false,
    "$focus_id_binding_name|default": "",
    "$enable_focus_enabled_bind|default": false,
    "$focus_enabled_binding_name|default": "",
    "$button_mappings|default": [
      {
        "from_button_id": "button.menu_select",
        "to_button_id": "button.menu_select",
        "mapping_type": "pressed"
      },
      {
        "from_button_id": "button.menu_ok",
        "to_button_id": "button.menu_ok",
        "mapping_type": "focused"
      },
      {
        "from_button_id": "button.controller_back",
        "to_button_id": "button.controller_back",
        "mapping_type": "focused",
        "ignored": "(not $allow_controller_back_button_mapping)"
      },
      {
        "ignored": "(not $enable_directional_toggling)",
        "from_button_id": "button.menu_left",
        "to_button_id": "$toggle_off_button",
        "mapping_type": "pressed",
        "input_mode_condition": "gamepad_and_not_gaze"
      },
      {
        "ignored": "(not $enable_directional_toggling)",
        "from_button_id": "button.menu_right",
        "to_button_id": "$toggle_on_button",
        "mapping_type": "pressed",
        "input_mode_condition": "gamepad_and_not_gaze"
      },
      {
        "ignored": "(not $enable_hover_event_mapping)",
        "to_button_id": "$toggle_hover_event_mapping",
        "mapping_type": "pressed"
      }
    ],

    "focus_wrap_enabled": "$toggle_focus_wrap_enabled",
    "focus_magnet_enabled": "$toggle_focus_magnet_enabled",

    "$custom_toggle_binding_type|default": "none",
    "$custom_toggle_binding_condition|default": "visible",
    "$custom_toggle_state_binding_name|default": "",
    "$custom_toggle_state_binding_name_override|default": "",

    "$toggle_tts_header_binding_type|default": "none",
    "$toggle_tts_header_binding_condition|default": "visible",
    "$toggle_tts_header_binding_collection_name|default": "",
    "$toggle_tts_header|default": "",

    "button_mappings": "$button_mappings",

    "bindings": [
      {
        "binding_type": "$toggle_binding_type",
        "binding_condition": "$toggle_binding_condition",
        "binding_collection_name": "$toggle_grid_collection_name",
        "binding_name": "$toggle_state_binding_name",
        "binding_name_override": "#toggle_state"
      },
      {
        "binding_type": "$toggle_enabled_binding_type",
        "binding_condition": "$toggle_enabled_binding_condition",
        "binding_collection_name": "$toggle_grid_collection_name",
        "binding_name": "$toggle_enabled_binding_name",
        "binding_name_override": "#enabled"
      },
      {
        "binding_collection_name": "$toggle_grid_collection_name",
        "binding_type": "collection_details"
      },
      {
        "binding_type": "$toggle_parent_collection_details",
        "binding_collection_name": "$toggle_parent_collection_details_name",
        "binding_collection_prefix": "$toggle_parent_collection_details_prefix"
      },
      {
        "binding_type": "$toggle_property_bag_binding_type",
        "binding_condition": "$toggle_property_bag_binding_condition",
        "binding_collection_name": "$toggle_grid_collection_name",
        "binding_name": "$toggle_property_bag_binding_name"
      },
      {
        "binding_type": "$toggle_tab_focus_binding_type",
        "binding_name": "$toggle_tab_focus_binding_name",
        "binding_name_override": "#default_focus_precedence"
      },
      {
        "binding_type": "$toggle_tab_focus_id_binding_type",
        "binding_collection_name": "$toggle_grid_collection_name",
        "binding_name": "$toggle_tab_focus_id_binding_name",
        "binding_name_override": "#focus_identifier"
      },
      {
        "binding_type": "$toggle_tab_focus_override_right_binding_type",
        "binding_collection_name": "$toggle_grid_collection_name",
        "binding_name": "$toggle_tab_focus_override_right",
        "binding_name_override": "#focus_change_right"
      },
      {
        "binding_type": "$toggle_tab_focus_override_left_binding_type",
        "binding_collection_name": "$toggle_grid_collection_name",
        "binding_name": "$toggle_tab_focus_override_left",
        "binding_name_override": "#focus_change_left"
      },
      {
        "binding_type": "$toggle_tab_focus_override_down_binding_type",
        "binding_collection_name": "$toggle_grid_collection_name",
        "binding_name": "$toggle_tab_focus_override_down",
        "binding_name_override": "#focus_change_down"
      },
      {
        "binding_type": "$toggle_tab_focus_override_up_binding_type",
        "binding_collection_name": "$toggle_grid_collection_name",
        "binding_name": "$toggle_tab_focus_override_up",
        "binding_name_override": "#focus_change_up"
      },
      {
        "binding_type": "$toggle_on_hover_binding_type",
        "binding_name": "$toggle_on_hover_binding_name",
        "binding_name_override": "#toggle_on_hover"
      },
      {
        "binding_type": "$custom_toggle_binding_type",
        "binding_condition": "$custom_toggle_binding_condition",
        "binding_collection_name": "$toggle_grid_collection_name",
        "binding_name": "$custom_toggle_state_binding_name",
        "binding_name_override": "$custom_toggle_state_binding_name_override"
      },
      {
        "binding_type": "$toggle_tts_header_binding_type",
        "binding_condition": "$toggle_tts_header_binding_condition",
        "binding_collection_name": "$toggle_tts_header_binding_collection_name",
        "binding_name": "$toggle_tts_header"
      },
      {
        "ignored": "(not $enable_focus_id_bind)",
        "binding_name": "$focus_id_binding_name",
        "binding_name_override": "#focus_identifier"
      },
      {
        "ignored": "(not $enable_focus_enabled_bind)",
        "binding_name": "$focus_enabled_binding_name",
        "binding_name_override": "#focus_enabled"
      }
    ]
  },

  "light_ui_toggle_u_n": {
    "type": "panel",
    "$toggle_view_binding_name|default": "this_toggle",
    "$template_toggle|default": "common_toggles.light_template_toggle_u_n",
    "controls": [
      {
        "$toggle_view_binding_name@$template_toggle": {
        }
      }
    ]
  },

  "light_template_toggle_u@common.toggle": {
    "$unchecked_control|default": "common_toggles.toggle_unchecked",
    "$checked_control|default": "common_toggles.toggle_checked",
    "$unchecked_hover_control|default": "common_toggles.toggle_unchecked_hover",
    "$checked_hover_control|default": "common_toggles.toggle_checked_hover",
    "$unchecked_locked_control|default": "common_toggles.toggle_locked",
    "$unchecked_locked_hover_control|default": "common_toggles.toggle_locked",
    "$checked_locked_control|default": "common_toggles.toggle_locked",
    "$checked_locked_hover_control|default": "common_toggles.toggle_locked",
    "$default_texture|default": "textures/ui/button_borderless_light",
    "$hover_texture|default": "textures/ui/button_borderless_lightpressednohover",
    "$pressed_texture|default": "textures/ui/button_borderless_lighthover",
    "$pressed_no_hover_texture|default": "textures/ui/button_borderless_lightpressed",
    "$locked_texture|default": "textures/ui/disabledButtonNoBorder",
    "$default_texture_alpha|default": 1.0,
    "$default_checked_texture_alpha|default": 1.0,
    "$hover_texture_alpha|default": 1.0,
    "$hover_checked_texture_alpha|default": 1.0,
    "$default_texture_color|default": "$f_color_format",
    "$default_checked_texture_color|default": "$f_color_format",
    "$hover_texture_color|default": "$f_color_format",
    "$hover_checked_texture_color|default": "$f_color_format",
    "$default_text_color|default": "$light_toggle_default_text_color",
    "$hover_text_color|default": "$light_toggle_hover_text_color",
    "$default_checked_text_color|default": "$light_toggle_checked_default_text_color",
    "$hover_checked_text_color|default": "$light_toggle_checked_hover_text_color",
    "$default_glyph_color|default": "$light_glyph_toggle_default_color",
    "$hover_glyph_color|default": "$light_glyph_toggle_hover_color",
    "$default_checked_glyph_color|default": "$light_glyph_toggle_checked_default_color",
    "$hover_checked_glyph_color|default": "$light_glyph_toggle_checked_hover_color",
    "$checked_image|default": "common.empty_panel",
    "$unchecked_image|default": "common.empty_panel",
    "$default_border_visible|default": false,
    "$hover_border_visible|default": false,
    "$default_border_color": "$light_border_toggle_default_color",
    "$hover_border_color": "$light_border_toggle_hover_color",
    "$locked_alpha": 1,
    "$toggle_binding_type|default": "none",
    "$toggle_parent_collection_details|default": "none",
    "$toggle_parent_collection_details_name|default": "",
    "$toggle_parent_collection_details_prefix|default": "",
    "$toggle_enabled_binding_type|default": "none",
    "$toggle_property_bag_binding_type|default": "none",
    "$toggle_property_bag_binding_condition|default": "visible",
    "$toggle_property_bag_binding_name|default": "#fill_toggle_property_bag",
    "$toggle_tab_focus_binding_type|default": "none",
    "$toggle_tab_focus_id_binding_type|default": "none",
    "$toggle_tab_focus_override_left_binding_type|default": "none",
    "$toggle_tab_focus_override_right_binding_type|default": "none",
    "$toggle_tab_focus_override_down_binding_type|default": "none",
    "$toggle_tab_focus_override_up_binding_type|default": "none",
    "$toggle_on_hover_binding_type|default": "none",
    "$toggle_tab_focus_binding_name|default": "",
    "$toggle_tab_focus_id_binding_name|default": "",
    "$toggle_tab_focus_override_right|default": "#focus_override_right",
    "$toggle_tab_focus_override_down|default": "#focus_override_down",
    "$toggle_tab_focus_override_up|default": "#focus_override_up",
    "$toggle_tab_focus_override_left|default": "#focus_override_left",
    "$toggle_on_hover_binding_name|default": "",
    "$toggle_focus_wrap_enabled|default": true,
    "$toggle_focus_magnet_enabled|default": true,
    "$toggle_unchecked|default": false,
    "$toggle_unchecked_hover|default": false,
    "$toggle_checked|default": false,
    "$toggle_checked_hover|default": false,
    "$default_state|default": false,
    "$hover_state|default": false,
    "$pressed_state|default": false,
    "$locked_state|default": false,
    "$enable_hover_event_mapping|default": false,
    "$toggle_hover_event_mapping|default": "",
    "$enable_focus_id_bind|default": false,
    "$focus_id_binding_name|default": "",
    "$enable_focus_enabled_bind|default": false,
    "$focus_enabled_binding_name|default": "",
    "$button_mappings|default": [
      {
        "from_button_id": "button.menu_select",
        "to_button_id": "button.menu_select",
        "mapping_type": "pressed"
      },
      {
        "from_button_id": "button.menu_ok",
        "to_button_id": "button.menu_ok",
        "mapping_type": "focused"
      },
      {
        "from_button_id": "button.controller_back",
        "to_button_id": "button.controller_back",
        "mapping_type": "focused",
        "ignored": "(not $allow_controller_back_button_mapping)"
      },
      {
        "ignored": "(not $enable_directional_toggling)",
        "from_button_id": "button.menu_left",
        "to_button_id": "$toggle_off_button",
        "mapping_type": "pressed",
        "input_mode_condition": "gamepad_and_not_gaze"
      },
      {
        "ignored": "(not $enable_directional_toggling)",
        "from_button_id": "button.menu_right",
        "to_button_id": "$toggle_on_button",
        "mapping_type": "pressed",
        "input_mode_condition": "gamepad_and_not_gaze"
      },
      {
        "ignored": "(not $enable_hover_event_mapping)",
        "to_button_id": "$toggle_hover_event_mapping",
        "mapping_type": "pressed"
      }
    ],

    "focus_wrap_enabled": "$toggle_focus_wrap_enabled",
    "focus_magnet_enabled": "$toggle_focus_magnet_enabled",

    "$custom_toggle_binding_type|default": "none",
    "$custom_toggle_binding_condition|default": "visible",
    "$custom_toggle_state_binding_name|default": "",
    "$custom_toggle_state_binding_name_override|default": "",

    "$toggle_tts_header_binding_type|default": "none",
    "$toggle_tts_header_binding_condition|default": "visible",
    "$toggle_tts_header_binding_collection_name|default": "",
    "$toggle_tts_header|default": "",

    "button_mappings": "$button_mappings",

    "bindings": [
      {
        "binding_type": "$toggle_binding_type",
        "binding_condition": "$toggle_binding_condition",
        "binding_collection_name": "$toggle_grid_collection_name",
        "binding_name": "$toggle_state_binding_name",
        "binding_name_override": "#toggle_state"
      },
      {
        "binding_type": "$toggle_enabled_binding_type",
        "binding_condition": "$toggle_enabled_binding_condition",
        "binding_collection_name": "$toggle_grid_collection_name",
        "binding_name": "$toggle_enabled_binding_name",
        "binding_name_override": "#enabled"
      },
      {
        "binding_collection_name": "$toggle_grid_collection_name",
        "binding_type": "collection_details"
      },
      {
        "binding_type": "$toggle_parent_collection_details",
        "binding_collection_name": "$toggle_parent_collection_details_name",
        "binding_collection_prefix": "$toggle_parent_collection_details_prefix"
      },
      {
        "binding_type": "$toggle_property_bag_binding_type",
        "binding_condition": "$toggle_property_bag_binding_condition",
        "binding_collection_name": "$toggle_grid_collection_name",
        "binding_name": "$toggle_property_bag_binding_name"
      },
      {
        "binding_type": "$toggle_tab_focus_binding_type",
        "binding_name": "$toggle_tab_focus_binding_name",
        "binding_name_override": "#default_focus_precedence"
      },
      {
        "binding_type": "$toggle_tab_focus_id_binding_type",
        "binding_collection_name": "$toggle_grid_collection_name",
        "binding_name": "$toggle_tab_focus_id_binding_name",
        "binding_name_override": "#focus_identifier"
      },
      {
        "binding_type": "$toggle_tab_focus_override_right_binding_type",
        "binding_collection_name": "$toggle_grid_collection_name",
        "binding_name": "$toggle_tab_focus_override_right",
        "binding_name_override": "#focus_change_right"
      },
      {
        "binding_type": "$toggle_tab_focus_override_left_binding_type",
        "binding_collection_name": "$toggle_grid_collection_name",
        "binding_name": "$toggle_tab_focus_override_left",
        "binding_name_override": "#focus_change_left"
      },
      {
        "binding_type": "$toggle_tab_focus_override_down_binding_type",
        "binding_collection_name": "$toggle_grid_collection_name",
        "binding_name": "$toggle_tab_focus_override_down",
        "binding_name_override": "#focus_change_down"
      },
      {
        "binding_type": "$toggle_tab_focus_override_up_binding_type",
        "binding_collection_name": "$toggle_grid_collection_name",
        "binding_name": "$toggle_tab_focus_override_up",
        "binding_name_override": "#focus_change_up"
      },
      {
        "binding_type": "$toggle_on_hover_binding_type",
        "binding_name": "$toggle_on_hover_binding_name",
        "binding_name_override": "#toggle_on_hover"
      },
      {
        "binding_type": "$custom_toggle_binding_type",
        "binding_condition": "$custom_toggle_binding_condition",
        "binding_collection_name": "$toggle_grid_collection_name",
        "binding_name": "$custom_toggle_state_binding_name",
        "binding_name_override": "$custom_toggle_state_binding_name_override"
      },
      {
        "binding_type": "$toggle_tts_header_binding_type",
        "binding_condition": "$toggle_tts_header_binding_condition",
        "binding_collection_name": "$toggle_tts_header_binding_collection_name",
        "binding_name": "$toggle_tts_header"
      },
      {
        "ignored": "(not $enable_focus_id_bind)",
        "binding_name": "$focus_id_binding_name",
        "binding_name_override": "#focus_identifier"
      },
      {
        "ignored": "(not $enable_focus_enabled_bind)",
        "binding_name": "$focus_enabled_binding_name",
        "binding_name_override": "#focus_enabled"
      }
    ]
  },

  "light_ui_toggle_u": {
    "type": "panel",
    "$toggle_view_binding_name|default": "this_toggle",
    "$template_toggle|default": "common_toggles.light_template_toggle_u",
    "controls": [
      {
        "$toggle_view_binding_name@$template_toggle": {
        }
      }
    ]
  }
}